{
  "tickets_emitidos": [
    {
      "cliente": "3",
      "fecha_apertura": "2025-01-03",
      "fecha_cierre": "2025-01-07",
      "es_mantenimiento": true,
      "satisfaccion_cliente": 8,
      "tipo_incidencia": 1,
      "contactos_con_empleados": [
        {
          "id_emp": "106",
          "fecha": "2025-01-03",
          "tiempo": 1.0
        }
      ]
    },
    {
      "cliente": "4",
      "fecha_apertura": "2025-01-04",
      "fecha_cierre": "2025-01-08",
      "es_mantenimiento": false,
      "satisfaccion_cliente": 5,
      "tipo_incidencia": 1,
      "contactos_con_empleados": [
        {
          "id_emp": "108",
          "fecha": "2025-01-04",
          "tiempo": 1.5
        },
        {
          "id_emp": "109",
          "fecha": "2025-01-05",
          "tiempo": 2.5
        },
        {
          "id_emp": "110",
          "fecha": "2025-01-06",
          "tiempo": 3.0
        }
      ]
    },
    {
      "cliente": "5",
      "fecha_apertura": "2025-01-05",
      "fecha_cierre": "2025-01-09",
      "es_mantenimiento": true,
      "satisfaccion_cliente": 10,
      "tipo_incidencia": 3,
      "contactos_con_empleados": [
        {
          "id_emp": "107",
          "fecha": "2025-01-04",
          "tiempo": 2.0
        },
		{
          "id_emp": "111",
          "fecha": "2025-01-05",
          "tiempo": 1.0
        },
        {
          "id_emp": "112",
          "fecha": "2025-01-06",
          "tiempo": 2.0
        },
        {
          "id_emp": "114",
          "fecha": "2025-01-07",
          "tiempo": 2.5
        },
        {
          "id_emp": "115",
          "fecha": "2025-01-08",
          "tiempo": 3.0
        }
      ]
    },
    {
      "cliente": "6",
      "fecha_apertura": "2025-01-06",
      "fecha_cierre": "2025-01-10",
      "es_mantenimiento": false,
      "satisfaccion_cliente": 4,
      "tipo_incidencia": 1,
      "contactos_con_empleados": [
        {
          "id_emp": "113",
          "fecha": "2025-01-06",
          "tiempo": 1.5
        }
      ]
    },
    {
      "cliente": "7",
      "fecha_apertura": "2025-01-07",
      "fecha_cierre": "2025-01-11",
      "es_mantenimiento": true,
      "satisfaccion_cliente": 8,
      "tipo_incidencia": 2,
      "contactos_con_empleados": [
        {
          "id_emp": "101",
          "fecha": "2025-01-07",
          "tiempo": 1.0
        },
        {
          "id_emp": "102",
          "fecha": "2025-01-08",
          "tiempo": 2.0
        }
      ]
    },
    {
      "cliente": "8",
      "fecha_apertura": "2025-01-08",
      "fecha_cierre": "2025-01-12",
      "es_mantenimiento": false,
      "satisfaccion_cliente": 6,
      "tipo_incidencia": 1,
      "contactos_con_empleados": [
        {
          "id_emp": "103",
          "fecha": "2025-01-08",
          "tiempo": 1.5
        },
        {
          "id_emp": "104",
          "fecha": "2025-01-09",
          "tiempo": 2.5
        },
        {
          "id_emp": "105",
          "fecha": "2025-01-10",
          "tiempo": 3.0
        }
      ]
    },
    {
      "cliente": "9",
      "fecha_apertura": "2025-01-09",
      "fecha_cierre": "2025-01-13",
      "es_mantenimiento": true,
      "satisfaccion_cliente": 1,
      "tipo_incidencia": 4,
      "contactos_con_empleados": [
        {
          "id_emp": "106",
          "fecha": "2025-01-09",
          "tiempo": 1.0
        },
        {
          "id_emp": "107",
          "fecha": "2025-01-10",
          "tiempo": 2.0
        },
        {
          "id_emp": "109",
          "fecha": "2025-01-11",
          "tiempo": 2.5
        },
        {
          "id_emp": "110",
          "fecha": "2025-01-12",
          "tiempo": 3.0
        }
      ]
    },
    {
      "cliente": "10",
      "fecha_apertura": "2025-01-10",
      "fecha_cierre": "2025-01-14",
      "es_mantenimiento": false,
      "satisfaccion_cliente": 5,
      "tipo_incidencia": 1,
      "contactos_con_empleados": [
        {
          "id_emp": "108",
          "fecha": "2025-01-10",
          "tiempo": 1.5
        }
      ]
    },
    {
      "cliente": "1",
      "fecha_apertura": "2025-01-11",
      "fecha_cierre": "2025-01-15",
      "es_mantenimiento": true,
      "satisfaccion_cliente": 9,
      "tipo_incidencia": 4,
      "contactos_con_empleados": [
        {
          "id_emp": "111",
          "fecha": "2025-01-11",
          "tiempo": 1.0
        },
        {
          "id_emp": "112",
          "fecha": "2025-01-12",
          "tiempo": 2.0
        }
      ]
    },
    {
      "cliente": "2",
      "fecha_apertura": "2025-01-12",
      "fecha_cierre": "2025-01-16",
      "es_mantenimiento": false,
      "satisfaccion_cliente": 4,
      "tipo_incidencia": 1,
      "contactos_con_empleados": [
        {
          "id_emp": "113",
          "fecha": "2025-01-12",
          "tiempo": 1.5
        },
        {
          "id_emp": "114",
          "fecha": "2025-01-13",
          "tiempo": 2.5
        },
        {
          "id_emp": "115",
          "fecha": "2025-01-14",
          "tiempo": 3.0
        }
      ]
    },
    {
      "cliente": "3",
      "fecha_apertura": "2025-01-13",
      "fecha_cierre": "2025-01-17",
      "es_mantenimiento": true,
      "satisfaccion_cliente": 8,
      "tipo_incidencia": 1,
      "contactos_con_empleados": [
        {
          "id_emp": "101",
          "fecha": "2025-01-13",
          "tiempo": 1.0
        },
        {
          "id_emp": "102",
          "fecha": "2025-01-14",
          "tiempo": 2.0
        }
      ]
    },
    {
      "cliente": "4",
      "fecha_apertura": "2025-01-14",
      "fecha_cierre": "2025-01-18",
      "es_mantenimiento": false,
      "satisfaccion_cliente": 6,
      "tipo_incidencia": 3,
      "contactos_con_empleados": [
        {
          "id_emp": "103",
          "fecha": "2025-01-14",
          "tiempo": 1.5
        },
        {
          "id_emp": "104",
          "fecha": "2025-01-15",
          "tiempo": 2.5
        },
        {
          "id_emp": "105",
          "fecha": "2025-01-16",
          "tiempo": 3.0
        }
      ]
    },
    {
      "cliente": "5",
      "fecha_apertura": "2025-01-15",
      "fecha_cierre": "2025-01-19",
      "es_mantenimiento": true,
      "satisfaccion_cliente": 7,
      "tipo_incidencia": 1,
      "contactos_con_empleados": [
        {
          "id_emp": "106",
          "fecha": "2025-01-15",
          "tiempo": 1.0
        },
        {
          "id_emp": "107",
          "fecha": "2025-01-16",
          "tiempo": 2.0
        }
      ]
    },
    {
      "cliente": "6",
      "fecha_apertura": "2025-01-16",
      "fecha_cierre": "2025-01-20",
      "es_mantenimiento": false,
      "satisfaccion_cliente": 5,
      "tipo_incidencia": 4,
      "contactos_con_empleados": [
        {
          "id_emp": "108",
          "fecha": "2025-01-16",
          "tiempo": 1.5
        },
        {
          "id_emp": "109",
          "fecha": "2025-01-17",
          "tiempo": 2.5
        },
        {
          "id_emp": "110",
          "fecha": "2025-01-18",
          "tiempo": 3.0
        }
      ]
    },
    {
      "cliente": "7",
      "fecha_apertura": "2025-01-17",
      "fecha_cierre": "2025-01-21",
      "es_mantenimiento": true,
      "satisfaccion_cliente": 2,
      "tipo_incidencia": 5,
      "contactos_con_empleados": [
        {
          "id_emp": "111",
          "fecha": "2025-01-17",
          "tiempo": 1.0
        },
        {
          "id_emp": "112",
          "fecha": "2025-01-18",
          "tiempo": 2.0
        },
        {
          "id_emp": "114",
          "fecha": "2025-01-19",
          "tiempo": 2.5
        },
        {
          "id_emp": "115",
          "fecha": "2025-01-20",
          "tiempo": 3.0
        }
      ]
    },
    {
      "cliente": "8",
      "fecha_apertura": "2025-01-18",
      "fecha_cierre": "2025-01-22",
      "es_mantenimiento": false,
      "satisfaccion_cliente": 6,
      "tipo_incidencia": 1,
      "contactos_con_empleados": [
        {
          "id_emp": "113",
          "fecha": "2025-01-18",
          "tiempo": 1.5
        }
      ]
    },
    {
      "cliente": "9",
      "fecha_apertura": "2025-01-19",
      "fecha_cierre": "2025-01-23",
      "es_mantenimiento": true,
      "satisfaccion_cliente": 7,
      "tipo_incidencia": 3,
      "contactos_con_empleados": [
        {
          "id_emp": "101",
          "fecha": "2025-01-19",
          "tiempo": 1.0
        },
        {
          "id_emp": "102",
          "fecha": "2025-01-20",
          "tiempo": 2.0
        }
      ]
    },
    {
      "cliente": "10",
      "fecha_apertura": "2025-01-20",
      "fecha_cierre": "2025-01-24",
      "es_mantenimiento": false,
      "satisfaccion_cliente": 5,
      "tipo_incidencia": 2,
      "contactos_con_empleados": [
        {
          "id_emp": "103",
          "fecha": "2025-01-20",
          "tiempo": 1.5
        },
        {
          "id_emp": "104",
          "fecha": "2025-01-21",
          "tiempo": 2.5
        },
        {
          "id_emp": "105",
          "fecha": "2025-01-22",
          "tiempo": 3.0
        }
      ]
    },
    {
      "cliente": "1",
      "fecha_apertura": "2025-01-21",
      "fecha_cierre": "2025-01-25",
      "es_mantenimiento": true,
      "satisfaccion_cliente": 9,
      "tipo_incidencia": 1,
      "contactos_con_empleados": [
        {
          "id_emp": "106",
          "fecha": "2025-01-21",
          "tiempo": 1.0
        },
        {
          "id_emp": "107",
          "fecha": "2025-01-22",
          "tiempo": 2.0
        }
      ]
    },
    {
      "cliente": "2",
      "fecha_apertura": "2025-01-22",
      "fecha_cierre": "2025-01-26",
      "es_mantenimiento": false,
      "satisfaccion_cliente": 4,
      "tipo_incidencia": 5,
      "contactos_con_empleados": [
        {
          "id_emp": "108",
          "fecha": "2025-01-22",
          "tiempo": 1.5
        },
        {
          "id_emp": "109",
          "fecha": "2025-01-23",
          "tiempo": 2.5
        },
        {
          "id_emp": "110",
          "fecha": "2025-01-24",
          "tiempo": 3.0
        }
      ]
    },
    {
      "cliente": "3",
      "fecha_apertura": "2025-01-23",
      "fecha_cierre": "2025-01-27",
      "es_mantenimiento": true,
      "satisfaccion_cliente": 8,
      "tipo_incidencia": 1,
      "contactos_con_empleados": [
        {
          "id_emp": "111",
          "fecha": "2025-01-23",
          "tiempo": 1.0
        },
        {
          "id_emp": "112",
          "fecha": "2025-01-24",
          "tiempo": 2.0
        }
      ]
    },
    {
      "cliente": "4",
      "fecha_apertura": "2025-01-24",
      "fecha_cierre": "2025-01-28",
      "es_mantenimiento": false,
      "satisfaccion_cliente": 6,
      "tipo_incidencia": 1,
      "contactos_con_empleados": [
        {
          "id_emp": "113",
          "fecha": "2025-01-24",
          "tiempo": 1.5
        },
        {
          "id_emp": "114",
          "fecha": "2025-01-25",
          "tiempo": 2.5
        },
        {
          "id_emp": "115",
          "fecha": "2025-01-26",
          "tiempo": 3.0
        }
      ]
    },
    {
      "cliente": "5",
      "fecha_apertura": "2025-01-25",
      "fecha_cierre": "2025-01-29",
      "es_mantenimiento": true,
      "satisfaccion_cliente": 7,
      "tipo_incidencia": 5,
      "contactos_con_empleados": [
        {
          "id_emp": "101",
          "fecha": "2025-01-25",
          "tiempo": 1.0
        },
        {
          "id_emp": "102",
          "fecha": "2025-01-26",
          "tiempo": 2.0
        },
        {
          "id_emp": "104",
          "fecha": "2025-01-27",
          "tiempo": 2.5
        },
        {
          "id_emp": "105",
          "fecha": "2025-01-28",
          "tiempo": 3.0
        }
      ]
    },
    {
      "cliente": "6",
      "fecha_apertura": "2025-01-26",
      "fecha_cierre": "2025-01-30",
      "es_mantenimiento": false,
      "satisfaccion_cliente": 5,
      "tipo_incidencia": 1,
      "contactos_con_empleados": [
        {
          "id_emp": "103",
          "fecha": "2025-01-26",
          "tiempo": 1.5
        }
      ]
    },
    {
      "cliente": "7",
      "fecha_apertura": "2025-01-27",
      "fecha_cierre": "2025-01-31",
      "es_mantenimiento": true,
      "satisfaccion_cliente": 8,
      "tipo_incidencia": 4,
      "contactos_con_empleados": [
        {
          "id_emp": "106",
          "fecha": "2025-01-27",
          "tiempo": 1.0
        },
        {
          "id_emp": "107",
          "fecha": "2025-01-28",
          "tiempo": 2.0
        }
      ]
    },
    {
      "cliente": "8",
      "fecha_apertura": "2025-01-28",
      "fecha_cierre": "2025-02-01",
      "es_mantenimiento": false,
      "satisfaccion_cliente": 3,
      "tipo_incidencia": 1,
      "contactos_con_empleados": [
        {
          "id_emp": "108",
          "fecha": "2025-01-28",
          "tiempo": 1.5
        }
      ]
    },
    {
      "cliente": "9",
      "fecha_apertura": "2025-01-29",
      "fecha_cierre": "2025-02-02",
      "es_mantenimiento": true,
      "satisfaccion_cliente": 7,
      "tipo_incidencia": 4,
      "contactos_con_empleados": [
        {
          "id_emp": "111",
          "fecha": "2025-01-29",
          "tiempo": 1.0
        },
        {
          "id_emp": "112",
          "fecha": "2025-01-30",
          "tiempo": 2.0
        },
        {
          "id_emp": "109",
          "fecha": "2025-01-29",
          "tiempo": 2.5
        },
        {
          "id_emp": "110",
          "fecha": "2025-01-30",
          "tiempo": 3.0
        }
      ]
    },
    {
      "cliente": "10",
      "fecha_apertura": "2025-01-30",
      "fecha_cierre": "2025-02-03",
      "es_mantenimiento": false,
      "satisfaccion_cliente": 3,
      "tipo_incidencia": 1,
      "contactos_con_empleados": [
        {
          "id_emp": "113",
          "fecha": "2025-01-30",
          "tiempo": 1.5
        },
        {
          "id_emp": "114",
          "fecha": "2025-01-31",
          "tiempo": 2.5
        },
        {
          "id_emp": "115",
          "fecha": "2025-02-01",
          "tiempo": 3.0
        },
        {
          "id_emp": "102",
          "fecha": "2025-02-01",
          "tiempo": 2.0
        },
        {
          "id_emp": "104",
          "fecha": "2025-02-02",
          "tiempo": 2.5
        },
        {
          "id_emp": "105",
          "fecha": "2025-02-03",
          "tiempo": 3.0
        }
      ]
    },
    {
      "cliente": "1",
      "fecha_apertura": "2025-01-31",
      "fecha_cierre": "2025-02-04",
      "es_mantenimiento": true,
      "satisfaccion_cliente": 9,
      "tipo_incidencia": 1,
      "contactos_con_empleados": [
        {
          "id_emp": "101",
          "fecha": "2025-01-31",
          "tiempo": 1.0
        }
      ]
    },
    {
      "cliente": "2",
      "fecha_apertura": "2025-02-01",
      "fecha_cierre": "2025-02-05",
      "es_mantenimiento": false,
      "satisfaccion_cliente": 4,
      "tipo_incidencia": 3,
      "contactos_con_empleados": [
        {
          "id_emp": "103",
          "fecha": "2025-02-01",
          "tiempo": 1.5
        }
      ]
    },
    {
      "cliente": "3",
      "fecha_apertura": "2025-02-02",
      "fecha_cierre": "2025-02-06",
      "es_mantenimiento": true,
      "satisfaccion_cliente": 8,
      "tipo_incidencia": 1,
      "contactos_con_empleados": [
        {
          "id_emp": "106",
          "fecha": "2025-02-02",
          "tiempo": 1.0
        },
        {
          "id_emp": "107",
          "fecha": "2025-02-03",
          "tiempo": 2.0
        }
      ]
    },
    {
      "cliente": "4",
      "fecha_apertura": "2025-02-03",
      "fecha_cierre": "2025-02-07",
      "es_mantenimiento": false,
      "satisfaccion_cliente": 6,
      "tipo_incidencia": 1,
      "contactos_con_empleados": [
        {
          "id_emp": "108",
          "fecha": "2025-02-03",
          "tiempo": 1.5
        },
        {
          "id_emp": "109",
          "fecha": "2025-02-04",
          "tiempo": 2.5
        },
        {
          "id_emp": "110",
          "fecha": "2025-02-05",
          "tiempo": 3.0
        }
      ]
    },
    {
      "cliente": "5",
      "fecha_apertura": "2025-02-04",
      "fecha_cierre": "2025-02-08",
      "es_mantenimiento": true,
      "satisfaccion_cliente": 7,
      "tipo_incidencia": 3,
      "contactos_con_empleados": [
        {
          "id_emp": "111",
          "fecha": "2025-02-04",
          "tiempo": 1.0
        },
        {
          "id_emp": "112",
          "fecha": "2025-02-05",
          "tiempo": 2.0
        }
      ]
    },
    {
      "cliente": "6",
      "fecha_apertura": "2025-02-05",
      "fecha_cierre": "2025-02-09",
      "es_mantenimiento": false,
      "satisfaccion_cliente": 5,
      "tipo_incidencia": 1,
      "contactos_con_empleados": [
        {
          "id_emp": "113",
          "fecha": "2025-02-05",
          "tiempo": 1.5
        },
        {
          "id_emp": "114",
          "fecha": "2025-02-06",
          "tiempo": 2.5
        },
        {
          "id_emp": "115",
          "fecha": "2025-02-07",
          "tiempo": 3.0
        },
        {
          "id_emp": "102",
          "fecha": "2025-02-07",
          "tiempo": 2.0
        }
      ]
    },
    {
      "cliente": "7",
      "fecha_apertura": "2025-02-06",
      "fecha_cierre": "2025-02-10",
      "es_mantenimiento": true,
      "satisfaccion_cliente": 8,
      "tipo_incidencia": 4,
      "contactos_con_empleados": [
        {
          "id_emp": "101",
          "fecha": "2025-02-06",
          "tiempo": 1.0
        }
      ]
    },
    {
      "cliente": "8",
      "fecha_apertura": "2025-02-07",
      "fecha_cierre": "2025-02-11",
      "es_mantenimiento": false,
      "satisfaccion_cliente": 6,
      "tipo_incidencia": 1,
      "contactos_con_empleados": [
        {
          "id_emp": "103",
          "fecha": "2025-02-07",
          "tiempo": 1.5
        },
        {
          "id_emp": "104",
          "fecha": "2025-02-08",
          "tiempo": 2.5
        },
        {
          "id_emp": "105",
          "fecha": "2025-02-09",
          "tiempo": 3.0
        }
      ]
    },
    {
      "cliente": "9",
      "fecha_apertura": "2025-02-08",
      "fecha_cierre": "2025-02-12",
      "es_mantenimiento": true,
      "satisfaccion_cliente": 7,
      "tipo_incidencia": 3,
      "contactos_con_empleados": [
        {
          "id_emp": "106",
          "fecha": "2025-02-08",
          "tiempo": 1.0
        },
        {
          "id_emp": "107",
          "fecha": "2025-02-09",
          "tiempo": 2.0
        },
        {
          "id_emp": "109",
          "fecha": "2025-02-10",
          "tiempo": 2.5
        },
        {
          "id_emp": "110",
          "fecha": "2025-02-11",
          "tiempo": 3.0
        }
      ]
    },
    {
      "cliente": "10",
      "fecha_apertura": "2025-02-09",
      "fecha_cierre": "2025-02-13",
      "es_mantenimiento": false,
      "satisfaccion_cliente": 5,
      "tipo_incidencia": 1,
      "contactos_con_empleados": [
        {
          "id_emp": "108",
          "fecha": "2025-02-09",
          "tiempo": 1.5
        }
      ]
    },
    {
      "cliente": "1",
      "fecha_apertura": "2025-02-10",
      "fecha_cierre": "2025-02-14",
      "es_mantenimiento": true,
      "satisfaccion_cliente": 10,
      "tipo_incidencia": 1,
      "contactos_con_empleados": [
        {
          "id_emp": "111",
          "fecha": "2025-02-10",
          "tiempo": 1.0
        },
        {
          "id_emp": "112",
          "fecha": "2025-02-11",
          "tiempo": 2.0
        }
      ]
    },
    {
      "cliente": "2",
      "fecha_apertura": "2025-02-11",
      "fecha_cierre": "2025-02-15",
      "es_mantenimiento": false,
      "satisfaccion_cliente": 4,
      "tipo_incidencia": 5,
      "contactos_con_empleados": [
        {
          "id_emp": "113",
          "fecha": "2025-02-11",
          "tiempo": 1.5
        },
        {
          "id_emp": "114",
          "fecha": "2025-02-12",
          "tiempo": 2.5
        },
        {
          "id_emp": "115",
          "fecha": "2025-02-13",
          "tiempo": 3.0
        }
      ]
    },
    {
      "cliente": "3",
      "fecha_apertura": "2025-02-12",
      "fecha_cierre": "2025-02-16",
      "es_mantenimiento": true,
      "satisfaccion_cliente": 8,
      "tipo_incidencia": 4,
      "contactos_con_empleados": [
        {
          "id_emp": "101",
          "fecha": "2025-02-12",
          "tiempo": 1.0
        },
        {
          "id_emp": "102",
          "fecha": "2025-02-13",
          "tiempo": 2.0
        },
        {
          "id_emp": "104",
          "fecha": "2025-02-14",
          "tiempo": 2.5
        },
        {
          "id_emp": "105",
          "fecha": "2025-02-15",
          "tiempo": 3.0
        }
      ]
    },
    {
      "cliente": "4",
      "fecha_apertura": "2025-02-13",
      "fecha_cierre": "2025-02-17",
      "es_mantenimiento": false,
      "satisfaccion_cliente": 6,
      "tipo_incidencia": 1,
      "contactos_con_empleados": [
        {
          "id_emp": "103",
          "fecha": "2025-02-13",
          "tiempo": 1.5
        }
      ]
    },
    {
      "cliente": "5",
      "fecha_apertura": "2025-02-14",
      "fecha_cierre": "2025-02-18",
      "es_mantenimiento": true,
      "satisfaccion_cliente": 7,
      "tipo_incidencia": 1,
      "contactos_con_empleados": [
        {
          "id_emp": "106",
          "fecha": "2025-02-14",
          "tiempo": 1.0
        },
        {
          "id_emp": "107",
          "fecha": "2025-02-15",
          "tiempo": 2.0
        }
      ]
    },
    {
      "cliente": "6",
      "fecha_apertura": "2025-02-15",
      "fecha_cierre": "2025-02-19",
      "es_mantenimiento": false,
      "satisfaccion_cliente": 5,
      "tipo_incidencia": 3,
      "contactos_con_empleados": [
        {
          "id_emp": "108",
          "fecha": "2025-02-15",
          "tiempo": 1.5
        },
        {
          "id_emp": "109",
          "fecha": "2025-02-16",
          "tiempo": 2.5
        },
        {
          "id_emp": "110",
          "fecha": "2025-02-17",
          "tiempo": 3.0
        }
      ]
    },
    {
      "cliente": "7",
      "fecha_apertura": "2025-02-16",
      "fecha_cierre": "2025-02-20",
      "es_mantenimiento": true,
      "satisfaccion_cliente": 8,
      "tipo_incidencia": 5,
      "contactos_con_empleados": [
        {
          "id_emp": "111",
          "fecha": "2025-02-16",
          "tiempo": 1.0
        },
        {
          "id_emp": "112",
          "fecha": "2025-02-17",
          "tiempo": 2.0
        },
        {
          "id_emp": "114",
          "fecha": "2025-02-18",
          "tiempo": 2.5
        },
        {
          "id_emp": "115",
          "fecha": "2025-02-19",
          "tiempo": 3.0
        }
      ]
    },
    {
      "cliente": "8",
      "fecha_apertura": "2025-02-17",
      "fecha_cierre": "2025-02-21",
      "es_mantenimiento": false,
      "satisfaccion_cliente": 6,
      "tipo_incidencia": 1,
      "contactos_con_empleados": [
        {
          "id_emp": "113",
          "fecha": "2025-02-17",
          "tiempo": 1.5
        }
      ]
    },
    {
      "cliente": "9",
      "fecha_apertura": "2025-02-18",
      "fecha_cierre": "2025-02-22",
      "es_mantenimiento": true,
      "satisfaccion_cliente": 2,
      "tipo_incidencia": 1,
      "contactos_con_empleados": [
        {
          "id_emp": "101",
          "fecha": "2025-02-18",
          "tiempo": 1.0
        }
      ]
    },
    {
      "cliente": "10",
      "fecha_apertura": "2025-02-19",
      "fecha_cierre": "2025-02-23",
      "es_mantenimiento": false,
      "satisfaccion_cliente": 5,
      "tipo_incidencia": 3,
      "contactos_con_empleados": [
        {
          "id_emp": "103",
          "fecha": "2025-02-19",
          "tiempo": 1.5
        },
        {
          "id_emp": "102",
          "fecha": "2025-02-19",
          "tiempo": 2.0
        },
        {
          "id_emp": "104",
          "fecha": "2025-02-20",
          "tiempo": 2.5
        },
        {
          "id_emp": "105",
          "fecha": "2025-02-21",
          "tiempo": 3.0
        }
      ]
    },
    {
      "cliente": "1",
      "fecha_apertura": "2025-02-20",
      "fecha_cierre": "2025-02-24",
      "es_mantenimiento": true,
      "satisfaccion_cliente": 9,
      "tipo_incidencia": 1,
      "contactos_con_empleados": [
        {
          "id_emp": "106",
          "fecha": "2025-02-20",
          "tiempo": 1.0
        },
        {
          "id_emp": "107",
          "fecha": "2025-02-21",
          "tiempo": 2.0
        }
      ]
    },
    {
      "cliente": "2",
      "fecha_apertura": "2025-02-21",
      "fecha_cierre": "2025-02-25",
      "es_mantenimiento": false,
      "satisfaccion_cliente": 4,
      "tipo_incidencia": 3,
      "contactos_con_empleados": [
        {
          "id_emp": "108",
          "fecha": "2025-02-21",
          "tiempo": 1.5
        },
        {
          "id_emp": "109",
          "fecha": "2025-02-22",
          "tiempo": 2.5
        },
        {
          "id_emp": "110",
          "fecha": "2025-02-23",
          "tiempo": 3.0
        }
      ]
    },
    {
      "cliente": "3",
      "fecha_apertura": "2025-02-22",
      "fecha_cierre": "2025-02-26",
      "es_mantenimiento": true,
      "satisfaccion_cliente": 8,
      "tipo_incidencia": 4,
      "contactos_con_empleados": [
        {
          "id_emp": "111",
          "fecha": "2025-02-22",
          "tiempo": 1.0
        },
        {
          "id_emp": "112",
          "fecha": "2025-02-23",
          "tiempo": 2.0
        }
      ]
    },
    {
      "cliente": "4",
      "fecha_apertura": "2025-02-23",
      "fecha_cierre": "2025-02-27",
      "es_mantenimiento": false,
      "satisfaccion_cliente": 6,
      "tipo_incidencia": 2,
      "contactos_con_empleados": [
        {
          "id_emp": "113",
          "fecha": "2025-02-23",
          "tiempo": 1.5
        },
        {
          "id_emp": "114",
          "fecha": "2025-02-24",
          "tiempo": 2.5
        },
        {
          "id_emp": "115",
          "fecha": "2025-02-25",
          "tiempo": 3.0
        }
      ]
    },
    {
      "cliente": "5",
      "fecha_apertura": "2025-02-24",
      "fecha_cierre": "2025-02-28",
      "es_mantenimiento": true,
      "satisfaccion_cliente": 7,
      "tipo_incidencia": 2,
      "contactos_con_empleados": [
        {
          "id_emp": "101",
          "fecha": "2025-02-24",
          "tiempo": 1.0
        },
        {
          "id_emp": "102",
          "fecha": "2025-02-25",
          "tiempo": 2.0
        }
      ]
    },
    {
      "cliente": "6",
      "fecha_apertura": "2025-02-25",
      "fecha_cierre": "2025-03-01",
      "es_mantenimiento": false,
      "satisfaccion_cliente": 5,
      "tipo_incidencia": 5,
      "contactos_con_empleados": [
        {
          "id_emp": "103",
          "fecha": "2025-02-25",
          "tiempo": 1.5
        },
        {
          "id_emp": "104",
          "fecha": "2025-02-26",
          "tiempo": 2.5
        },
        {
          "id_emp": "105",
          "fecha": "2025-02-27",
          "tiempo": 3.0
        }
      ]
    },
    {
      "cliente": "7",
      "fecha_apertura": "2025-02-26",
      "fecha_cierre": "2025-03-02",
      "es_mantenimiento": true,
      "satisfaccion_cliente": 8,
      "tipo_incidencia": 4,
      "contactos_con_empleados": [
        {
          "id_emp": "106",
          "fecha": "2025-02-26",
          "tiempo": 1.0
        },
        {
          "id_emp": "107",
          "fecha": "2025-02-27",
          "tiempo": 2.0
        }
      ]
    },
    {
      "cliente": "8",
      "fecha_apertura": "2025-02-27",
      "fecha_cierre": "2025-03-03",
      "es_mantenimiento": false,
      "satisfaccion_cliente": 3,
      "tipo_incidencia": 3,
      "contactos_con_empleados": [
        {
          "id_emp": "108",
          "fecha": "2025-02-27",
          "tiempo": 1.5
        },
        {
          "id_emp": "109",
          "fecha": "2025-02-28",
          "tiempo": 2.5
        },
        {
          "id_emp": "110",
          "fecha": "2025-03-01",
          "tiempo": 3.0
        }
      ]
    },
    {
      "cliente": "9",
      "fecha_apertura": "2025-02-28",
      "fecha_cierre": "2025-03-04",
      "es_mantenimiento": true,
      "satisfaccion_cliente": 7,
      "tipo_incidencia": 4,
      "contactos_con_empleados": [
        {
          "id_emp": "111",
          "fecha": "2025-02-28",
          "tiempo": 1.0
        },
        {
          "id_emp": "112",
          "fecha": "2025-03-01",
          "tiempo": 2.0
        }
      ]
    },
    {
      "cliente": "10",
      "fecha_apertura": "2025-03-01",
      "fecha_cierre": "2025-03-05",
      "es_mantenimiento": false,
      "satisfaccion_cliente": 5,
      "tipo_incidencia": 3,
      "contactos_con_empleados": [
        {
          "id_emp": "113",
          "fecha": "2025-03-01",
          "tiempo": 1.5
        },
        {
          "id_emp": "114",
          "fecha": "2025-03-02",
          "tiempo": 2.5
        },
        {
          "id_emp": "115",
          "fecha": "2025-03-03",
          "tiempo": 3.0
        }
      ]
    },
    {
      "cliente": "1",
      "fecha_apertura": "2025-03-02",
      "fecha_cierre": "2025-03-06",
      "es_mantenimiento": true,
      "satisfaccion_cliente": 9,
      "tipo_incidencia": 2,
      "contactos_con_empleados": [
        {
          "id_emp": "101",
          "fecha": "2025-03-02",
          "tiempo": 1.0
        },
        {
          "id_emp": "102",
          "fecha": "2025-03-03",
          "tiempo": 2.0
        }
      ]
    },
    {
      "cliente": "2",
      "fecha_apertura": "2025-03-03",
      "fecha_cierre": "2025-03-07",
      "es_mantenimiento": false,
      "satisfaccion_cliente": 4,
      "tipo_incidencia": 2,
      "contactos_con_empleados": [
        {
          "id_emp": "103",
          "fecha": "2025-03-03",
          "tiempo": 1.5
        },
        {
          "id_emp": "104",
          "fecha": "2025-03-04",
          "tiempo": 2.5
        },
        {
          "id_emp": "105",
          "fecha": "2025-03-05",
          "tiempo": 3.0
        }
      ]
    },
    {
      "cliente": "3",
      "fecha_apertura": "2025-03-04",
      "fecha_cierre": "2025-03-08",
      "es_mantenimiento": true,
      "satisfaccion_cliente": 8,
      "tipo_incidencia": 1,
      "contactos_con_empleados": [
        {
          "id_emp": "106",
          "fecha": "2025-03-04",
          "tiempo": 1.0
        },
        {
          "id_emp": "107",
          "fecha": "2025-03-05",
          "tiempo": 2.0
        }
      ]
    },
    {
      "cliente": "4",
      "fecha_apertura": "2025-03-05",
      "fecha_cierre": "2025-03-09",
      "es_mantenimiento": false,
      "satisfaccion_cliente": 6,
      "tipo_incidencia": 1,
      "contactos_con_empleados": [
        {
          "id_emp": "108",
          "fecha": "2025-03-05",
          "tiempo": 1.5
        },
        {
          "id_emp": "109",
          "fecha": "2025-03-06",
          "tiempo": 2.5
        },
        {
          "id_emp": "110",
          "fecha": "2025-03-07",
          "tiempo": 3.0
        }
      ]
    },
    {
      "cliente": "5",
      "fecha_apertura": "2025-03-06",
      "fecha_cierre": "2025-03-10",
      "es_mantenimiento": true,
      "satisfaccion_cliente": 7,
      "tipo_incidencia": 5,
      "contactos_con_empleados": [
        {
          "id_emp": "111",
          "fecha": "2025-03-06",
          "tiempo": 1.0
        },
        {
          "id_emp": "112",
          "fecha": "2025-03-07",
          "tiempo": 2.0
        }
      ]
    },
    {
      "cliente": "6",
      "fecha_apertura": "2025-03-07",
      "fecha_cierre": "2025-03-11",
      "es_mantenimiento": false,
      "satisfaccion_cliente": 5,
      "tipo_incidencia": 5,
      "contactos_con_empleados": [
        {
          "id_emp": "113",
          "fecha": "2025-03-07",
          "tiempo": 1.5
        },
        {
          "id_emp": "114",
          "fecha": "2025-03-08",
          "tiempo": 2.5
        },
        {
          "id_emp": "115",
          "fecha": "2025-03-09",
          "tiempo": 3.0
        }
      ]
    },
    {
      "cliente": "7",
      "fecha_apertura": "2025-03-08",
      "fecha_cierre": "2025-03-12",
      "es_mantenimiento": true,
      "satisfaccion_cliente": 8,
      "tipo_incidencia": 4,
      "contactos_con_empleados": [
        {
          "id_emp": "101",
          "fecha": "2025-03-08",
          "tiempo": 1.0
        },
        {
          "id_emp": "102",
          "fecha": "2025-03-09",
          "tiempo": 2.0
        }
      ]
    },
    {
      "cliente": "8",
      "fecha_apertura": "2025-03-09",
      "fecha_cierre": "2025-03-13",
      "es_mantenimiento": false,
      "satisfaccion_cliente": 6,
      "tipo_incidencia": 1,
      "contactos_con_empleados": [
        {
          "id_emp": "103",
          "fecha": "2025-03-09",
          "tiempo": 1.5
        },
        {
          "id_emp": "104",
          "fecha": "2025-03-10",
          "tiempo": 2.5
        },
        {
          "id_emp": "105",
          "fecha": "2025-03-11",
          "tiempo": 3.0
        }
      ]
    },
    {
      "cliente": "9",
      "fecha_apertura": "2025-03-10",
      "fecha_cierre": "2025-03-14",
      "es_mantenimiento": true,
      "satisfaccion_cliente": 7,
      "tipo_incidencia": 3,
      "contactos_con_empleados": [
        {
          "id_emp": "106",
          "fecha": "2025-03-10",
          "tiempo": 1.0
        },
        {
          "id_emp": "107",
          "fecha": "2025-03-11",
          "tiempo": 2.0
        },
        {
          "id_emp": "109",
          "fecha": "2025-03-12",
          "tiempo": 2.5
        },
        {
          "id_emp": "110",
          "fecha": "2025-03-13",
          "tiempo": 3.0
        }
      ]
    },
    {
      "cliente": "10",
      "fecha_apertura": "2025-03-11",
      "fecha_cierre": "2025-03-15",
      "es_mantenimiento": false,
      "satisfaccion_cliente": 1,
      "tipo_incidencia": 1,
      "contactos_con_empleados": [
        {
          "id_emp": "108",
          "fecha": "2025-03-11",
          "tiempo": 1.5
        }
      ]
    },
    {
      "cliente": "1",
      "fecha_apertura": "2025-03-12",
      "fecha_cierre": "2025-03-16",
      "es_mantenimiento": true,
      "satisfaccion_cliente": 2,
      "tipo_incidencia": 4,
      "contactos_con_empleados": [
        {
          "id_emp": "111",
          "fecha": "2025-03-12",
          "tiempo": 1.0
        },
        {
          "id_emp": "112",
          "fecha": "2025-03-13",
          "tiempo": 2.0
        }
      ]
    },
    {
      "cliente": "2",
      "fecha_apertura": "2025-03-13",
      "fecha_cierre": "2025-03-17",
      "es_mantenimiento": false,
      "satisfaccion_cliente": 4,
      "tipo_incidencia": 1,
      "contactos_con_empleados": [
        {
          "id_emp": "113",
          "fecha": "2025-03-13",
          "tiempo": 1.5
        },
        {
          "id_emp": "114",
          "fecha": "2025-03-14",
          "tiempo": 2.5
        },
        {
          "id_emp": "115",
          "fecha": "2025-03-15",
          "tiempo": 3.0
        }
      ]
    },
    {
      "cliente": "3",
      "fecha_apertura": "2025-03-14",
      "fecha_cierre": "2025-03-18",
      "es_mantenimiento": true,
      "satisfaccion_cliente": 8,
      "tipo_incidencia": 3,
      "contactos_con_empleados": [
        {
          "id_emp": "101",
          "fecha": "2025-03-14",
          "tiempo": 1.0
        },
        {
          "id_emp": "102",
          "fecha": "2025-03-15",
          "tiempo": 2.0
        }
      ]
    },
    {
      "cliente": "4",
      "fecha_apertura": "2025-03-15",
      "fecha_cierre": "2025-03-19",
      "es_mantenimiento": false,
      "satisfaccion_cliente": 6,
      "tipo_incidencia": 4,
      "contactos_con_empleados": [
        {
          "id_emp": "103",
          "fecha": "2025-03-15",
          "tiempo": 1.5
        },
        {
          "id_emp": "104",
          "fecha": "2025-03-16",
          "tiempo": 2.5
        },
        {
          "id_emp": "105",
          "fecha": "2025-03-17",
          "tiempo": 3.0
        }
      ]
    },
    {
      "cliente": "5",
      "fecha_apertura": "2025-03-16",
      "fecha_cierre": "2025-03-20",
      "es_mantenimiento": true,
      "satisfaccion_cliente": 7,
      "tipo_incidencia": 3,
      "contactos_con_empleados": [
        {
          "id_emp": "106",
          "fecha": "2025-03-16",
          "tiempo": 1.0
        },
        {
          "id_emp": "107",
          "fecha": "2025-03-17",
          "tiempo": 2.0
        },
        {
          "id_emp": "109",
          "fecha": "2025-03-18",
          "tiempo": 2.5
        },
        {
          "id_emp": "110",
          "fecha": "2025-03-19",
          "tiempo": 3.0
        }
      ]
    },
    {
      "cliente": "6",
      "fecha_apertura": "2025-03-17",
      "fecha_cierre": "2025-03-21",
      "es_mantenimiento": false,
      "satisfaccion_cliente": 5,
      "tipo_incidencia": 1,
      "contactos_con_empleados": [
        {
          "id_emp": "108",
          "fecha": "2025-03-17",
          "tiempo": 1.5
        }
      ]
    },
    {
      "cliente": "7",
      "fecha_apertura": "2025-03-18",
      "fecha_cierre": "2025-03-22",
      "es_mantenimiento": true,
      "satisfaccion_cliente": 8,
      "tipo_incidencia": 2,
      "contactos_con_empleados": [
        {
          "id_emp": "111",
          "fecha": "2025-03-18",
          "tiempo": 1.0
        },
        {
          "id_emp": "112",
          "fecha": "2025-03-19",
          "tiempo": 2.0
        }
      ]
    },
    {
      "cliente": "8",
      "fecha_apertura": "2025-03-19",
      "fecha_cierre": "2025-03-23",
      "es_mantenimiento": false,
      "satisfaccion_cliente": 6,
      "tipo_incidencia": 1,
      "contactos_con_empleados": [
        {
          "id_emp": "114",
          "fecha": "2025-03-20",
          "tiempo": 2.5
        },
        {
          "id_emp": "115",
          "fecha": "2025-03-21",
          "tiempo": 3.0
        }
      ]
    },
    {
      "cliente": "9",
      "fecha_apertura": "2025-03-20",
      "fecha_cierre": "2025-03-24",
      "es_mantenimiento": true,
      "satisfaccion_cliente": 7,
      "tipo_incidencia": 2,
      "contactos_con_empleados": [
        {
          "id_emp": "113",
          "fecha": "2025-03-19",
          "tiempo": 1.5
        },
		{
          "id_emp": "101",
          "fecha": "2025-03-20",
          "tiempo": 1.0
        },
        {
          "id_emp": "102",
          "fecha": "2025-03-21",
          "tiempo": 2.0
        }
      ]
    },
    {
      "cliente": "10",
      "fecha_apertura": "2025-03-21",
      "fecha_cierre": "2025-03-25",
      "es_mantenimiento": false,
      "satisfaccion_cliente": 5,
      "tipo_incidencia": 2,
      "contactos_con_empleados": [
        {
          "id_emp": "103",
          "fecha": "2025-03-21",
          "tiempo": 1.5
        },
        {
          "id_emp": "104",
          "fecha": "2025-03-22",
          "tiempo": 2.5
        },
        {
          "id_emp": "105",
          "fecha": "2025-03-23",
          "tiempo": 3.0
        }
      ]
    },
    {
      "cliente": "1",
      "fecha_apertura": "2025-03-22",
      "fecha_cierre": "2025-03-26",
      "es_mantenimiento": true,
      "satisfaccion_cliente": 9,
      "tipo_incidencia": 1,
      "contactos_con_empleados": [
        {
          "id_emp": "106",
          "fecha": "2025-03-22",
          "tiempo": 1.0
        },
        {
          "id_emp": "107",
          "fecha": "2025-03-23",
          "tiempo": 2.0
        }
      ]
    },
    {
      "cliente": "2",
      "fecha_apertura": "2025-03-23",
      "fecha_cierre": "2025-03-27",
      "es_mantenimiento": false,
      "satisfaccion_cliente": 4,
      "tipo_incidencia": 2,
      "contactos_con_empleados": [
        {
          "id_emp": "108",
          "fecha": "2025-03-23",
          "tiempo": 1.5
        },
        {
          "id_emp": "109",
          "fecha": "2025-03-24",
          "tiempo": 2.5
        },
        {
          "id_emp": "110",
          "fecha": "2025-03-25",
          "tiempo": 3.0
        }
      ]
    },
    {
      "cliente": "3",
      "fecha_apertura": "2025-03-24",
      "fecha_cierre": "2025-03-28",
      "es_mantenimiento": true,
      "satisfaccion_cliente": 8,
      "tipo_incidencia": 4,
      "contactos_con_empleados": [
        {
          "id_emp": "111",
          "fecha": "2025-03-24",
          "tiempo": 1.0
        },
        {
          "id_emp": "112",
          "fecha": "2025-03-25",
          "tiempo": 2.0
        }
      ]
    },
    {
      "cliente": "4",
      "fecha_apertura": "2025-03-25",
      "fecha_cierre": "2025-03-29",
      "es_mantenimiento": false,
      "satisfaccion_cliente": 6,
      "tipo_incidencia": 1,
      "contactos_con_empleados": [
        {
          "id_emp": "113",
          "fecha": "2025-03-25",
          "tiempo": 1.5
        },
        {
          "id_emp": "114",
          "fecha": "2025-03-26",
          "tiempo": 2.5
        },
        {
          "id_emp": "115",
          "fecha": "2025-03-27",
          "tiempo": 3.0
        }
      ]
    },
    {
      "cliente": "5",
      "fecha_apertura": "2025-03-26",
      "fecha_cierre": "2025-03-30",
      "es_mantenimiento": true,
      "satisfaccion_cliente": 7,
      "tipo_incidencia": 3,
      "contactos_con_empleados": [
        {
          "id_emp": "101",
          "fecha": "2025-03-26",
          "tiempo": 1.0
        },
        {
          "id_emp": "102",
          "fecha": "2025-03-27",
          "tiempo": 2.0
        }
      ]
    },
    {
      "cliente": "6",
      "fecha_apertura": "2025-03-27",
      "fecha_cierre": "2025-03-31",
      "es_mantenimiento": false,
      "satisfaccion_cliente": 5,
      "tipo_incidencia": 1,
      "contactos_con_empleados": [
        {
          "id_emp": "103",
          "fecha": "2025-03-27",
          "tiempo": 1.5
        },
        {
          "id_emp": "104",
          "fecha": "2025-03-28",
          "tiempo": 2.5
        },
        {
          "id_emp": "105",
          "fecha": "2025-03-29",
          "tiempo": 3.0
        }
      ]
    },
    {
      "cliente": "7",
      "fecha_apertura": "2025-03-28",
      "fecha_cierre": "2025-04-01",
      "es_mantenimiento": true,
      "satisfaccion_cliente": 8,
      "tipo_incidencia": 3,
      "contactos_con_empleados": [
        {
          "id_emp": "106",
          "fecha": "2025-03-28",
          "tiempo": 1.0
        },
        {
          "id_emp": "107",
          "fecha": "2025-03-29",
          "tiempo": 2.0
        }
      ]
    },
    {
      "cliente": "8",
      "fecha_apertura": "2025-03-29",
      "fecha_cierre": "2025-04-02",
      "es_mantenimiento": false,
      "satisfaccion_cliente": 6,
      "tipo_incidencia": 1,
      "contactos_con_empleados": [
        {
          "id_emp": "108",
          "fecha": "2025-03-29",
          "tiempo": 1.5
        },
        {
          "id_emp": "109",
          "fecha": "2025-03-30",
          "tiempo": 2.5
        },
        {
          "id_emp": "110",
          "fecha": "2025-03-31",
          "tiempo": 3.0
        }
      ]
    },
    {
      "cliente": "9",
      "fecha_apertura": "2025-03-30",
      "fecha_cierre": "2025-04-03",
      "es_mantenimiento": true,
      "satisfaccion_cliente": 7,
      "tipo_incidencia": 3,
      "contactos_con_empleados": [
        {
          "id_emp": "111",
          "fecha": "2025-03-30",
          "tiempo": 1.0
        },
        {
          "id_emp": "112",
          "fecha": "2025-03-31",
          "tiempo": 2.0
        }
      ]
    },
    {
      "cliente": "10",
      "fecha_apertura": "2025-03-31",
      "fecha_cierre": "2025-04-04",
      "es_mantenimiento": false,
      "satisfaccion_cliente": 5,
      "tipo_incidencia": 3,
      "contactos_con_empleados": [
        {
          "id_emp": "113",
          "fecha": "2025-03-31",
          "tiempo": 1.5
        },
        {
          "id_emp": "114",
          "fecha": "2025-04-01",
          "tiempo": 2.5
        },
        {
          "id_emp": "115",
          "fecha": "2025-04-02",
          "tiempo": 3.0
        }
      ]
    }
  ],	  
  "clientes": [
    {
      "id_cli": "1",
      "nombre": "Tech Solutions S.A.",
      "telefono": "600123456",
      "provincia": "Madrid"
    },
    {
      "id_cli": "2",
      "nombre": "Innovative Systems SL",
      "telefono": "600654321",
      "provincia": "Barcelona"
    },
    {
      "id_cli": "3",
      "nombre": "Global Enterprises Ltd.",
      "telefono": "600987654",
      "provincia": "Valencia"
    },
    {
      "id_cli": "4",
      "nombre": "Advanced Technologies Inc.",
      "telefono": "600456789",
      "provincia": "Sevilla"
    },
    {
      "id_cli": "5",
      "nombre": "Smart Solutions Co.",
      "telefono": "600321654",
      "provincia": "Zaragoza"
    },
    {
      "id_cli": "6",
      "nombre": "Future Innovations LLC",
      "telefono": "600654987",
      "provincia": "Bilbao"
    },
    {
      "id_cli": "7",
      "nombre": "Tech Innovators GmbH",
      "telefono": "600789123",
      "provincia": "Málaga"
    },
    {
      "id_cli": "8",
      "nombre": "NextGen Solutions Ltd.",
      "telefono": "600123789",
      "provincia": "Murcia"
    },
    {
      "id_cli": "9",
      "nombre": "Pioneer Technologies S.A.",
      "telefono": "600987321",
      "provincia": "Granada"
    },
    {
      "id_cli": "10",
      "nombre": "Creative Solutions SL",
      "telefono": "600456123",
      "provincia": "Alicante"
    }
  ],
  "empleados": [
    {
      "id_emp": "101",
      "nombre": "Juan Pérez",
      "nivel": 1,
      "fecha_contrato": "2020-05-10"
    },
    {
      "id_emp": "102",
      "nombre": "Ana Martínez",
      "nivel": 1,
      "fecha_contrato": "2021-03-15"
    },
    {
      "id_emp": "103",
      "nombre": "Luis Fernández",
      "nivel": 2,
      "fecha_contrato": "2019-11-20"
    },
    {
      "id_emp": "104",
      "nombre": "Laura Sánchez",
      "nivel": 2,
      "fecha_contrato": "2022-01-10"
    },
    {
      "id_emp": "105",
      "nombre": "Pedro Gómez",
      "nivel": 3,
      "fecha_contrato": "2018-07-25"
    },
    {
      "id_emp": "106",
      "nombre": "Carmen Rodríguez",
      "nivel": 1,
      "fecha_contrato": "2023-02-14"
    },
    {
      "id_emp": "107",
      "nombre": "Miguel Torres",
      "nivel": 2,
      "fecha_contrato": "2021-08-30"
    },
    {
      "id_emp": "108",
      "nombre": "Elena Morales",
      "nivel": 3,
      "fecha_contrato": "2017-12-05"
    },
    {
      "id_emp": "109",
      "nombre": "Raúl López",
      "nivel": 1,
      "fecha_contrato": "2024-04-22"
    },
    {
      "id_emp": "110",
      "nombre": "Patricia Díaz",
      "nivel": 2,
      "fecha_contrato": "2020-09-18"
    },
    {
      "id_emp": "111",
      "nombre": "Sergio Ruiz",
      "nivel": 3,
      "fecha_contrato": "2016-06-11"
    },
    {
      "id_emp": "112",
      "nombre": "Isabel Jiménez",
      "nivel": 1,
      "fecha_contrato": "2023-11-01"
    },
    {
      "id_emp": "113",
      "nombre": "David García",
      "nivel": 2,
      "fecha_contrato": "2019-03-27"
    },
    {
      "id_emp": "114",
      "nombre": "Rosa Martín",
      "nivel": 3,
      "fecha_contrato": "2015-10-19"
    },
    {
      "id_emp": "115",
      "nombre": "Alberto Sánchez",
      "nivel": 1,
      "fecha_contrato": "2024-07-13"
    }
  ]
  "tipos_incidentes": [
    {
      "id_cli": "1",
      "nombre": "Infecciones por código malicioso",
    },
    {
      "id_cli": "2",
      "nombre": "Intrusiones o intentos de intrusión",
    },
    {
      "id_cli": "3",
      "nombre": "Fallos de disponibilidad",
    },
    {
      "id_cli": "4",
      "nombre": "Compromiso de la información",
    },
    {
      "id_cli": "5",
      "nombre": "Fraude",
    },

}